Epoch,Train_Loss,Vali_Loss,Test_Loss,Learning_Rate,Time
1,2.5034868,4.1735263,2.0553223,0.0000222218,2025-10-11 10:26:24
